Category,min,max,mean,median,std,Range,Number
A,10.0,15.0,13.421666666666665,13.695,1.2782884120447218,5.0,30
B,15.040000000000001,16.799999999999997,15.912,15.91,0.5405323046902863,1.7599999999999962,30
C,16.83,18.299999999999997,17.62322580645161,17.68,0.4360228365332426,1.4699999999999989,31
D,18.36,20.77,19.70137931034483,19.61,0.7280439750156917,2.41,29
E,20.79,30.02,22.525333333333332,21.630000000000003,2.274114808209898,9.23,30
